1,Wesley,Melton,wesley.miller@mail.com
2,Tara,Miller,tara.melton@mail.com
3,Cody,Ellison,cody.ellison@mail.com
4,Miranda,Brandt,miranda.brandt@mail.com
5,Daniel,Peters,daniel.peters@mail.com
6,Jeremiah,Miller,jeremiah.miller@mail.com
7,Jennifer,Bishop,jennifer.bishop@mail.com